n,accuracy,f1 score
110.0,0.9536128456735058,0.9551724137931035
