n,accuracy,f1 score
10.0,0.9486301369863014,0.9523809523809524
