n,accuracy,f1 score
80.0,0.9642857142857143,0.9656387665198238
