n,accuracy,f1 score
30.0,0.7814451382694023,0.7845206684256816
