hidden layer neurons,momentum constant,epochs,accuracy,f1 score
30.0,0.7000000000000001,1000.0,0.49063336306868865,0.0
