hidden layer neurons,momentum constant,epochs,accuracy,f1 score
30.0,0.9,1000.0,0.5282534246575342,0.6913165266106441
