hidden layer neurons,momentum constant,epochs,accuracy,f1 score
30.0,0.6,1000.0,0.5027624309392266,0.6691176470588235
