n,accuracy,f1 score
130.0,0.7985347985347986,0.8090277777777779
