hidden layer neurons,momentum constant,epochs,accuracy,f1 score
10.0,0.7000000000000001,1000.0,0.5376712328767124,0.6993318485523385
