n,accuracy,f1 score
120.0,0.8103130755064457,0.812043795620438
