n,accuracy,f1 score
40.0,0.9834254143646409,0.9836065573770493
