n,accuracy,f1 score
20.0,0.7716324710080286,0.7742504409171075
