n,accuracy,f1 score
10.0,0.9411239964317574,0.9431034482758621
