n,accuracy,f1 score
20.0,0.7928082191780822,0.8045234248788369
