n,accuracy,f1 score
130.0,0.8029330889092575,0.8068283917340521
