hidden layer neurons,momentum constant,epochs,accuracy,f1 score
10.0,0.7000000000000001,1000.0,0.9484978540772532,0.9516908212560388
