n,accuracy,f1 score
120.0,0.8176795580110497,0.8196721311475409
