hidden layer neurons,momentum constant,epochs,accuracy,f1 score
10.0,0.5,1000.0,0.9678899082568807,0.9696969696969697
