n,accuracy,f1 score
30.0,0.7957181088314005,0.8054375531011047
