hidden layer neurons,momentum constant,epochs,accuracy,f1 score
10.0,0.6,1000.0,0.8093922651933702,0.8099173553719009
