hidden layer neurons,momentum constant,epochs,accuracy,f1 score
30.0,0.7000000000000001,1000.0,0.7743086529884032,0.7835757057313945
