n,accuracy,f1 score
20.0,0.7805530776092774,0.7838312829525482
