n,accuracy,f1 score
20.0,0.7898799313893653,0.7980214344600164
