n,accuracy,f1 score
20.0,0.7727272727272727,0.7808105872622001
