n,accuracy,f1 score
110.0,0.9517857142857142,0.9530434782608695
