n,accuracy,f1 score
10.0,0.9527896995708155,0.955964771817454
