hidden layer neurons,momentum constant,epochs,accuracy,f1 score
10.0,0.5,1000.0,0.8186003683241252,0.8245770258236865
