n,accuracy,f1 score
40.0,0.9778801843317972,0.9782214156079855
