hidden layer neurons,momentum constant,epochs,accuracy,f1 score
10.0,0.4,1000.0,0.9589285714285715,0.9612794612794613
