n,accuracy,f1 score
130.0,0.7919340054995417,0.8034632034632034
