n,accuracy,f1 score
80.0,0.9642201834862385,0.9657594381035997
