hidden layer neurons,momentum constant,epochs,accuracy,f1 score
10.0,0.1,1000.0,0.9598214285714286,0.9615055603079555
