n,accuracy,f1 score
120.0,0.8167587476979742,0.8215246636771301
